Timestamp,PoorSignal,Attention,Meditation,Delta,Theta,LowAlpha,HighAlpha,LowBeta,HighBeta,LowGamma,MidGamma
2025-11-10 16:35:17.957454,0,30,30,195146,39572,24852,10916,19159,4744,3014,2460
2025-11-10 16:35:18.945952,0,40,13,174050,53630,10614,12280,1618,12981,6840,4475
2025-11-10 16:35:19.949176,0,37,3,53584,18579,1761,6635,3760,2123,1827,474
2025-11-10 16:35:20.940546,0,20,26,229720,91178,95865,42963,17531,9645,18955,2534
2025-11-10 16:35:21.958392,0,24,24,88266,20480,3750,7005,3344,2664,3547,2394
2025-11-10 16:35:22.937216,0,8,34,1427680,88279,31162,12691,6289,8855,2850,1340
2025-11-10 16:35:23.930562,0,10,60,167357,17226,16303,7797,4086,3643,3756,1998
2025-11-10 16:35:24.932730,0,17,17,147803,26356,4680,4009,4761,2071,2047,747
2025-11-10 16:35:25.924065,0,38,20,361789,59011,35458,12170,41081,29862,4714,4610
2025-11-10 16:35:26.933016,0,41,10,69072,104325,20399,11793,12428,10280,4835,4445
2025-11-10 16:35:27.913039,0,47,1,150057,58396,26759,8863,15666,12149,7793,4599
2025-11-10 16:35:28.928143,0,43,1,30940,14076,4399,1852,906,936,1030,259
2025-11-10 16:35:29.908069,0,17,1,1243232,224429,25498,24954,8010,16993,9046,10490
2025-11-10 16:35:30.907170,0,21,13,177761,35143,11834,13708,9161,6142,7501,2890
2025-11-10 16:35:31.906749,0,14,7,1038647,127954,24168,15277,17438,13568,21354,14319
2025-11-10 16:35:32.895200,0,8,1,181596,382890,17385,21750,20454,9843,9709,7540
2025-11-10 16:35:33.892858,0,7,1,282502,311649,9022,33899,37198,14775,22139,11545
2025-11-10 16:35:34.886229,0,10,1,658950,101055,9468,11484,8511,11317,4687,8321
2025-11-10 16:35:35.894414,0,16,1,289617,14488,714,943,2426,1654,462,213
2025-11-10 16:35:36.880283,0,35,13,265994,15095,2999,10372,4440,2099,920,371
2025-11-10 16:35:37.878151,0,41,14,335786,64977,5271,3745,3243,5714,3632,651
2025-11-10 16:35:38.875532,0,29,14,428881,105865,11186,13302,38595,6101,5717,4363
2025-11-10 16:35:39.867830,0,14,43,288756,80827,25743,21517,6838,4435,7390,1316
2025-11-10 16:35:40.867310,0,17,14,292979,69523,1975,6014,4166,7878,1690,508
2025-11-10 16:35:41.865037,0,20,48,741077,37831,32609,38606,23011,8218,4007,5149
2025-11-10 16:35:42.864147,0,30,64,145990,17371,4403,3977,3294,2506,1316,628
2025-11-10 16:35:43.852555,0,41,61,71077,51758,20190,9007,16292,5326,4676,7015
2025-11-10 16:35:44.850624,0,21,56,193040,77137,2557,3424,2635,2171,1207,740
2025-11-10 16:35:45.845083,0,11,16,1822264,67182,1098,723,17732,3145,901,546
2025-11-10 16:35:46.840615,0,11,21,748020,42119,9054,9873,7355,5749,1216,346
2025-11-10 16:35:47.846261,0,29,27,1050615,49749,29301,37940,40500,27830,10262,3830
2025-11-10 16:35:48.835162,0,56,57,272759,61737,10651,36569,40561,15484,16032,3100
2025-11-10 16:35:49.833832,0,61,83,846290,104997,15612,20424,25208,8340,12682,5269
2025-11-10 16:35:50.825477,0,48,96,300218,48951,102048,25741,20390,6672,5517,6639
2025-11-10 16:35:51.840393,0,24,94,447717,94071,29295,39897,7381,7509,8923,3490
2025-11-10 16:35:52.823854,0,17,100,70295,30488,34749,11994,7431,7218,3157,2134
2025-11-10 16:35:53.816631,0,14,100,58116,31826,16272,7579,9386,2655,1649,728
2025-11-10 16:35:54.815348,0,24,97,1737509,66767,28298,23592,5075,8258,6037,2290
2025-11-10 16:35:55.810364,25,24,97,779727,14845,2698,1910,1141,4960,2691,2303
2025-11-10 16:35:56.805118,26,24,97,796930,92152,27711,8784,37032,33930,17314,3625
2025-11-10 16:35:57.802601,51,24,97,591155,77472,13625,15286,8878,13931,6070,1596
2025-11-10 16:35:58.813074,51,24,97,800203,32911,48263,29381,8277,16788,4709,4863
2025-11-10 16:35:59.794456,25,24,97,482633,83043,10664,13219,3617,4681,3319,1443
2025-11-10 16:36:00.794762,0,13,88,58876,37962,1171,8033,757,860,374,196
2025-11-10 16:36:01.793626,0,4,74,550081,112338,24729,4148,31579,6471,4388,3162
2025-11-10 16:36:02.781599,0,1,61,731264,194307,19025,13249,6819,3993,3733,1536
2025-11-10 16:36:03.793490,0,1,38,2248611,804543,27736,19602,18870,12276,3150,2328
2025-11-10 16:36:04.780130,26,1,38,1136739,2110,1356,4616,3320,707,678,127
2025-11-10 16:36:05.779457,0,3,40,840367,46280,8984,7414,4611,7493,5383,9642
2025-11-10 16:36:06.768418,0,3,34,28245,50916,2014,3701,4755,1831,1779,363
2025-11-10 16:36:07.765105,0,20,34,109784,8603,1369,278,1424,581,302,252
2025-11-10 16:36:08.786147,0,41,44,661360,88472,17440,8692,18023,8323,8142,2486
2025-11-10 16:36:09.756286,0,29,51,992031,144977,58560,34840,21815,11038,10787,4775
2025-11-10 16:36:10.752366,0,53,75,406689,6431,13936,3278,4682,4872,4405,1862
2025-11-10 16:36:11.747635,0,38,80,125062,227028,45468,23203,15630,5695,3565,3076
2025-11-10 16:36:12.753171,0,37,81,428578,97510,15381,15907,26544,8345,3001,1989
2025-11-10 16:36:13.740671,0,37,88,118872,8015,3736,7765,1178,833,1453,595
2025-11-10 16:36:14.756996,0,30,83,384108,4214,1044,2998,1158,1279,860,331
2025-11-10 16:36:15.731508,0,57,90,105183,52288,20540,39785,52452,17482,10014,3544
2025-11-10 16:36:16.729583,0,74,100,394374,7832,16115,7404,10661,7154,4410,2546
2025-11-10 16:36:17.747144,0,77,93,1304828,98695,46091,13448,20474,9982,2479,1249
2025-11-10 16:36:18.724744,0,78,84,160345,107178,31974,7974,11664,20876,8313,7361
2025-11-10 16:36:19.728495,0,88,83,33152,11895,2521,9022,7091,8093,2292,1392
2025-11-10 16:36:20.713089,0,87,75,23251,24337,11062,3343,6469,7500,6078,2496
2025-11-10 16:36:21.726749,0,100,75,99955,53297,19173,20830,16187,20656,8397,5705
2025-11-10 16:36:22.706654,0,91,81,202829,31898,9408,11959,2838,3261,1524,768
2025-11-10 16:36:23.706036,0,77,74,98187,17684,2604,1731,5764,2200,965,625
2025-11-10 16:36:24.704808,0,64,77,141536,97177,26580,43328,19848,13889,4544,4509
2025-11-10 16:36:25.691006,0,38,77,158330,109736,17487,34750,6702,4418,3660,1240
2025-11-10 16:36:26.714775,0,48,61,160968,141017,10048,11151,13919,17667,4252,1546
2025-11-10 16:36:27.690444,0,41,67,165437,303449,58432,58312,12764,26700,9129,3510
2025-11-10 16:36:28.690949,0,40,56,407360,104270,3133,17337,12322,9159,6230,1117
2025-11-10 16:36:29.679705,0,63,54,1146048,23331,13658,2262,16302,6903,4828,7631
2025-11-10 16:36:30.676632,0,50,54,176582,103235,9872,6267,8918,4999,2434,2836
2025-11-10 16:36:31.673448,0,60,37,98099,8902,302,392,2361,1634,528,1020
2025-11-10 16:36:32.672541,0,70,48,62752,36580,5095,20178,9182,11208,5875,2392
2025-11-10 16:36:33.678463,0,64,48,42038,95366,32750,10100,8472,15074,4029,1835
2025-11-10 16:36:34.660739,0,75,61,537128,173065,109828,46347,61302,31605,12687,10482
2025-11-10 16:36:35.678879,0,63,63,824277,845591,33949,27704,44784,52880,44952,66855
2025-11-10 16:36:36.653800,0,51,56,64950,25699,6014,829,1387,2167,1148,590
2025-11-10 16:36:37.665300,0,44,60,1064379,23734,9049,7174,4766,2310,901,484
2025-11-10 16:36:38.646154,0,35,70,41913,12171,9007,27198,3545,1893,3453,2877
2025-11-10 16:36:39.651540,0,41,88,63825,15251,6036,4714,2706,2804,923,440
2025-11-10 16:36:40.641385,0,27,87,74617,304819,20619,45091,35053,8531,8203,2559
2025-11-10 16:36:41.639534,0,37,81,27164,31730,9902,3530,11243,5736,2926,1122
2025-11-10 16:36:42.638174,0,60,69,26897,13232,12140,9596,9674,8259,3826,1017
2025-11-10 16:36:43.629274,0,60,63,572425,150553,20324,16630,15446,20386,14331,13518
2025-11-10 16:36:44.656790,0,74,47,736766,55013,432,2348,7104,4024,1697,582
2025-11-10 16:36:45.623120,0,60,37,732780,70020,4916,2923,3155,3172,2854,1937
2025-11-10 16:36:46.615731,0,43,37,11119,14102,6279,8328,4918,1959,1333,896
2025-11-10 16:36:47.610478,0,44,47,695342,38173,12018,23644,16040,8640,3346,446
2025-11-10 16:36:48.608511,0,56,74,597644,40885,37606,23226,25310,16673,15862,17428
2025-11-10 16:36:49.621734,0,81,83,488911,25193,6864,8452,14974,12180,22657,12538
2025-11-10 16:36:50.600442,0,80,77,31264,77256,16971,12897,5893,6547,6365,5971
2025-11-10 16:36:51.613426,0,77,87,60864,8305,17483,6590,3387,3095,2989,3693
2025-11-10 16:36:52.592487,0,64,94,22326,25272,24812,33084,3588,5829,3330,2117
2025-11-10 16:36:53.591378,0,67,97,60771,12302,7722,7341,4888,16176,8400,3555
2025-11-10 16:36:54.584486,0,66,100,88961,19184,13968,60692,15510,5545,1593,1949
2025-11-10 16:36:55.583905,0,56,100,13784,25262,44010,20302,7045,3915,3051,4215
2025-11-10 16:36:56.577813,0,54,100,68882,5474,5500,12534,3048,1541,1092,811
2025-11-10 16:36:57.581033,0,26,100,172204,15397,35017,53507,2943,4683,4238,1645
2025-11-10 16:36:58.582273,0,44,100,90396,12574,24114,7512,13375,12779,4221,2292
2025-11-10 16:36:59.571704,0,64,100,376652,20038,10765,1352,2578,8698,5099,2522
2025-11-10 16:37:00.562508,0,66,91,148588,13944,9530,8915,3904,2783,1972,1421
2025-11-10 16:37:01.558449,0,83,84,12904,15660,57735,5860,12355,14693,9629,4437
2025-11-10 16:37:02.554406,0,64,88,17550,26052,18369,33494,13120,4422,6659,4666
2025-11-10 16:37:03.548855,0,63,90,6477,25305,15418,6994,11811,11266,5341,1586
2025-11-10 16:37:04.548334,0,74,87,5749,16610,15923,6367,11852,7165,2656,1919
2025-11-10 16:37:05.552777,0,78,66,28388,38027,6244,2434,10059,15247,4495,1076
2025-11-10 16:37:06.541494,0,90,69,15157,14859,4614,62595,12785,12803,4676,2595
2025-11-10 16:37:07.535179,0,80,67,10305,41649,5259,16989,7345,7661,5517,2097
2025-11-10 16:37:08.530119,0,77,77,15026,7261,19494,10061,3855,4499,3886,1411
2025-11-10 16:37:09.530704,0,66,93,28445,26084,22092,22529,9868,10160,11588,6324
2025-11-10 16:37:10.538586,0,63,91,65043,13718,29860,44622,23255,9218,13497,2390
2025-11-10 16:37:11.522409,0,60,100,20502,42105,22364,44931,10989,8617,3781,8977
2025-11-10 16:37:12.539453,0,47,100,157653,3115,10238,14938,1955,1051,761,608
2025-11-10 16:37:13.514904,0,51,100,44894,8392,29388,6000,5341,8445,5969,1522
2025-11-10 16:37:14.527765,0,37,100,39600,35715,35456,67716,8411,4933,3779,1847
2025-11-10 16:37:15.507542,0,41,100,55017,4989,4396,37700,5622,6045,1827,1315
2025-11-10 16:37:16.500992,0,53,100,12793,3637,25100,24898,7017,5642,4715,5821
2025-11-10 16:37:17.498607,0,40,100,72626,7359,15844,5253,2647,1885,2726,797
2025-11-10 16:37:18.499011,0,37,100,1882345,96113,49983,20204,6665,4286,9916,5655
2025-11-10 16:37:19.509847,0,30,93,43020,62894,30334,30412,34919,10281,6207,4140
2025-11-10 16:37:20.487274,0,40,77,116947,30610,18079,3554,8898,9781,4033,3337
2025-11-10 16:37:21.513288,0,44,63,280749,78203,19108,13952,19387,12212,4219,6352
2025-11-10 16:37:22.483713,0,56,67,74618,28480,17596,32268,7957,6379,4135,2356
2025-11-10 16:37:23.479209,0,69,69,11410,5865,4843,8458,5715,4905,3044,3521
2025-11-10 16:37:24.472268,0,70,81,5701,7969,25188,13052,4121,10887,3613,2145
2025-11-10 16:37:25.472248,0,66,91,294344,38260,42388,15328,12021,5770,5517,1572
2025-11-10 16:37:26.467729,0,77,83,356252,126013,33721,32202,17211,32779,37852,11284
2025-11-10 16:37:27.462351,0,77,83,84418,22406,16111,28603,18053,18264,20723,4761
2025-11-10 16:37:28.466837,0,81,70,12719,30466,9777,18589,18888,23441,7059,5601
2025-11-10 16:37:29.458506,0,100,57,22761,17599,3021,6069,8140,12143,7188,2779
2025-11-10 16:37:30.450660,0,100,64,14079,10928,3394,18347,6803,6695,12958,6776
2025-11-10 16:37:31.447164,0,100,63,73143,10536,3390,6280,1572,3776,3241,1563
2025-11-10 16:37:32.440800,0,91,57,77871,29695,941,6781,7877,6267,9358,4065
2025-11-10 16:37:33.445627,0,87,53,12523,26325,2910,2315,6078,8159,3992,2860
2025-11-10 16:37:34.433965,0,88,51,23459,36848,24786,18133,5139,19927,6432,2871
2025-11-10 16:37:35.452542,0,83,60,56432,12447,35898,17375,8813,9612,4105,3096
2025-11-10 16:37:36.428635,0,70,66,163706,29974,11454,6997,5268,2520,1782,309
2025-11-10 16:37:37.440578,0,54,74,367135,62701,12420,14422,14763,5326,9492,3163
2025-11-10 16:37:38.432172,0,38,70,504115,53603,22510,21396,16114,5171,3719,2411
2025-11-10 16:37:39.410793,0,13,54,187895,63560,10192,4691,5664,1164,846,185
2025-11-10 16:37:40.421989,0,8,57,162597,54886,33991,3511,2547,3272,1205,863
2025-11-10 16:37:41.408365,0,24,60,126533,26987,12840,11013,9365,13211,3505,1350
2025-11-10 16:37:42.424379,0,20,57,935651,180604,62719,26389,9884,10746,5824,1863
2025-11-10 16:37:43.401342,0,17,74,120129,31845,23134,29678,5214,1214,877,915
2025-11-10 16:37:44.415770,0,23,74,132664,25759,22332,3401,6273,2534,2645,574
2025-11-10 16:37:45.392308,0,13,83,223963,28240,51135,21011,12517,10675,1904,2468
2025-11-10 16:37:46.392055,0,30,74,290934,30609,1294,3406,1649,6805,497,1036
2025-11-10 16:37:47.385242,0,53,67,112233,33365,24319,7232,12245,6198,3660,2247
2025-11-10 16:37:48.380264,0,60,61,24762,43508,534,21867,18259,5715,2761,2020
2025-11-10 16:37:49.386359,0,60,57,48249,18746,18785,13878,7116,5879,4316,2444
2025-11-10 16:37:50.371965,0,56,70,8471,17750,18228,6059,10767,5859,4925,2290
2025-11-10 16:37:51.380253,0,54,67,18098,39249,8567,18422,15620,5897,4810,869
2025-11-10 16:37:52.364906,0,56,56,119986,103686,1788,7603,11241,12241,5412,6562
2025-11-10 16:37:53.358747,0,66,48,31966,22201,4457,7343,8769,9851,3929,3326
2025-11-10 16:37:54.379379,0,81,47,17202,18964,18539,10159,12164,24509,11311,5416
2025-11-10 16:37:55.357247,0,100,50,32420,14391,8060,26380,17063,20216,17957,5996
2025-11-10 16:37:56.354693,0,100,74,59744,23331,51910,69341,32531,22675,16718,8480
2025-11-10 16:37:57.345069,0,100,84,26102,6299,14452,29983,9696,15072,7229,3075
2025-11-10 16:37:58.359772,0,100,93,23088,5199,35660,24633,7282,26907,13742,6931
2025-11-10 16:37:59.343963,0,100,94,7980,16762,33352,13097,8023,25361,15932,10532
2025-11-10 16:38:00.334753,0,100,84,14273,22319,6349,19227,15540,27472,22395,7816
2025-11-10 16:38:01.329831,0,100,81,5304,16610,13288,25055,6091,21090,12855,11512
2025-11-10 16:38:02.324860,0,100,70,16128,21514,6587,16817,15025,13896,9371,11348
2025-11-10 16:38:03.340156,0,100,78,10276,7978,40734,20988,8882,17685,13504,7951
2025-11-10 16:38:04.319004,0,100,80,11275,21675,12869,18654,10960,30023,11672,18726
2025-11-10 16:38:05.328485,0,100,70,7921,34878,4523,10879,9183,12977,6749,12896
2025-11-10 16:38:06.311071,0,100,77,6168,16714,3799,49187,11125,27770,15511,7792
2025-11-10 16:38:07.325817,0,100,64,2164,19870,7393,15432,17288,19064,8145,7086
2025-11-10 16:38:08.304995,0,96,67,502820,34009,14206,40473,20067,8140,27619,4592
2025-11-10 16:38:09.302599,0,100,78,11600,20173,31468,18900,8579,20492,16597,8336
2025-11-10 16:38:10.296319,0,100,67,12668,26532,783,12044,11924,15516,5833,11048
2025-11-10 16:38:11.294225,0,100,66,23069,6344,9556,6527,23682,13995,24381,4488
2025-11-10 16:38:12.325005,0,100,74,15853,25257,7742,124790,20579,21902,8786,8026
2025-11-10 16:38:13.284043,0,91,77,22222,27148,26921,45833,18453,11030,40017,4044
2025-11-10 16:38:14.301243,0,69,70,33708,107519,12928,3365,2863,8626,5251,2807
2025-11-10 16:38:15.276630,0,54,64,107044,32103,1051,6178,6063,5657,3782,1613
2025-11-10 16:38:16.274760,0,38,41,373091,246724,9440,20228,38619,9248,10694,5395
2025-11-10 16:38:17.270075,0,57,26,56137,23069,575,12980,19294,29237,8796,3557
2025-11-10 16:38:18.270448,0,64,34,270184,27114,5195,6875,3706,5348,2968,1202
2025-11-10 16:38:19.268654,0,56,37,20413,51833,9407,9978,19396,5343,10863,2270
2025-11-10 16:38:20.260721,0,64,60,14833,17361,5588,81358,14845,7492,9876,1452
2025-11-10 16:38:21.281956,0,56,66,9049,17374,12091,5870,7001,12839,5034,2275
2025-11-10 16:38:22.254495,0,50,80,11126,25587,27818,30406,8280,6191,4615,1556
2025-11-10 16:38:23.247194,0,67,88,7082,12742,14202,18887,25313,18884,10097,1610
2025-11-10 16:38:24.245426,0,81,77,8079,14435,6668,11832,15354,8333,4974,3915
2025-11-10 16:38:25.243572,0,70,75,48782,42773,10565,16899,13612,9795,15686,7047
2025-11-10 16:38:26.244217,0,78,66,39534,63769,22452,30296,10776,17287,11567,4881
2025-11-10 16:38:27.232287,0,74,69,5663,25403,48306,12803,12400,22741,7867,4582
2025-11-10 16:38:28.245302,0,81,74,8882,14865,9772,21690,6367,23349,3780,8801
2025-11-10 16:38:29.228422,0,83,80,6233,39600,10355,57235,25057,18144,7956,3159
2025-11-10 16:38:30.256498,0,87,81,41845,40541,23918,32968,21399,21533,5161,6977
2025-11-10 16:38:31.217368,0,75,78,434517,114527,39148,90169,67710,21747,21601,10978
2025-11-10 16:38:32.215859,0,63,67,347081,104680,24985,7173,14885,23104,7763,10256
2025-11-10 16:38:33.214643,0,77,54,62562,10565,1086,2391,2008,7540,2199,1445
2025-11-10 16:38:34.207546,0,74,50,25972,76600,19842,9072,10937,18107,39606,4878
2025-11-10 16:38:35.222769,0,81,51,812,29186,9523,26863,2042,13553,8051,3607
2025-11-10 16:38:36.200895,0,84,61,468327,25740,30276,7547,5842,13991,7045,9646
2025-11-10 16:38:37.213381,0,64,78,789672,67229,58296,69490,17235,15015,14063,9925
2025-11-10 16:38:38.196317,0,66,80,858257,78865,36924,11654,10039,25757,19529,10296
2025-11-10 16:38:39.187235,0,67,74,32792,39996,13540,12211,11663,17796,8916,3844
2025-11-10 16:38:40.186631,0,56,57,700269,91908,8456,6890,10996,7261,9254,3368
2025-11-10 16:38:41.183075,0,61,60,44132,25651,52747,17877,13288,13080,8236,4130
2025-11-10 16:38:42.179269,0,60,63,283145,59538,15875,41510,7195,18243,8225,4716
2025-11-10 16:38:43.170003,0,51,69,323285,60542,109798,10195,62618,24165,6426,6868
2025-11-10 16:38:44.181928,0,51,78,334519,250618,91546,13350,17641,21858,13074,4395
2025-11-10 16:38:45.161772,0,43,64,275374,220246,56582,17433,17380,16559,9844,6498
2025-11-10 16:38:46.165246,0,41,60,17130,58536,16661,12839,25070,10598,15188,7885
2025-11-10 16:38:47.157865,0,51,44,215878,29315,5740,1960,13454,12938,10403,3849
2025-11-10 16:38:48.149650,0,57,51,9711,33383,31629,13903,19635,8215,9460,6835
2025-11-10 16:38:49.153593,0,75,48,41352,18065,5426,4569,20561,8191,4040,4157
2025-11-10 16:38:50.149464,0,78,61,374294,56312,141223,19236,6580,43417,22098,13372
2025-11-10 16:38:51.156810,0,67,66,97096,231176,48034,44188,42640,36750,95171,16680
2025-11-10 16:38:52.134530,0,67,64,68587,19650,3465,16287,8101,4687,7412,6995
2025-11-10 16:38:53.135314,0,57,69,303503,18441,9654,881,3904,3273,1541,1036
2025-11-10 16:38:54.129294,0,51,63,47863,46870,5348,37448,9413,8604,4430,1560
2025-11-10 16:38:55.123897,0,51,69,89198,5775,1985,4445,1324,1317,1042,166
2025-11-10 16:38:56.126514,0,43,69,155999,55735,39039,5552,12219,5656,4677,3779
2025-11-10 16:38:57.121839,0,37,77,27001,47627,35188,11804,4172,5415,1006,801
2025-11-10 16:38:58.136316,0,30,84,14410,12153,18400,15888,4113,3113,1908,1730
2025-11-10 16:38:59.109926,0,17,84,28976,102463,57846,34002,15742,5810,2367,1286
2025-11-10 16:39:00.120171,0,17,91,12687,26163,7676,44050,4276,4352,2413,931
2025-11-10 16:39:01.104003,0,20,90,11505,27665,23156,12587,20452,4331,2266,687
2025-11-10 16:39:02.100375,0,27,84,7274,19501,15729,19898,5414,7272,3768,986
2025-11-10 16:39:03.100551,0,44,88,11768,11922,11302,6151,2762,4656,1712,1336
2025-11-10 16:39:04.093805,0,51,75,52367,33096,1041,12476,3899,5294,1851,1673
2025-11-10 16:39:05.095936,0,48,70,4193,32054,15786,4916,11406,2131,2422,1134
2025-11-10 16:39:06.087172,0,43,70,7154,21543,30467,11094,7157,6097,2331,1174
2025-11-10 16:39:07.092905,0,56,63,197037,11863,5445,4224,2225,12551,4347,1878
2025-11-10 16:39:08.078075,0,63,67,179850,8413,1686,9305,3207,4201,4716,2929
2025-11-10 16:39:09.076607,0,84,66,27832,36935,16942,10316,16120,23802,11976,5390
2025-11-10 16:39:10.075286,0,96,60,30714,39060,26120,8273,7646,18682,17504,4569
2025-11-10 16:39:11.066801,0,90,66,5519,22375,24765,8197,4092,16102,9050,4195
2025-11-10 16:39:12.080271,0,78,63,52524,85088,35003,17496,16652,11107,5432,3920
2025-11-10 16:39:13.058893,0,74,67,8406,29653,19038,7680,8298,11965,7411,5109
2025-11-10 16:39:14.068332,0,69,75,38621,13314,26006,12397,5682,11088,9684,5859
2025-11-10 16:39:15.057047,0,67,70,627075,71915,51653,30150,21868,38938,27845,14310
2025-11-10 16:39:16.044784,0,80,70,12121,30024,16852,9027,8295,11763,7258,6956
2025-11-10 16:39:17.054461,0,80,69,50017,12813,12578,6826,28013,6785,14009,4219
2025-11-10 16:39:18.039315,0,74,67,5789,22660,23844,13592,10580,7551,6131,3508
2025-11-10 16:39:19.031858,0,74,66,12891,32139,6364,29504,26960,15416,14891,3219
2025-11-10 16:39:20.028201,0,60,53,2192308,286125,9681,19809,20187,20070,26276,3809
2025-11-10 16:39:21.042356,0,63,53,86429,11021,5147,2549,1163,5147,6806,2075
2025-11-10 16:39:22.024935,0,67,41,310686,66640,4602,17152,12094,16491,25102,3693
2025-11-10 16:39:23.021677,0,44,35,604337,1580852,45908,344121,109799,53242,182273,131553
2025-11-10 16:39:24.032068,0,48,44,642035,194562,70526,5827,21532,25846,33092,12219
2025-11-10 16:39:25.016919,0,48,47,823278,50459,18392,33758,25954,26685,11223,9685
2025-11-10 16:39:26.012537,0,48,53,73370,51412,10416,34345,8597,19295,8397,3632
2025-11-10 16:39:27.002938,0,69,60,56577,48469,14376,28368,28654,15792,4086,7310
2025-11-10 16:39:28.031723,0,74,56,1545140,341112,47714,54316,22164,59617,11613,14072
2025-11-10 16:39:28.994347,0,80,57,41416,7598,10552,6130,12364,11549,7025,7412
2025-11-10 16:39:29.990780,0,77,63,70717,51729,10706,64355,6166,17439,5406,4352
2025-11-10 16:39:30.987025,0,70,67,61625,29553,3503,38758,8939,8718,3592,2200
2025-11-10 16:39:31.985211,0,69,75,40147,21443,9539,3893,2598,3856,1928,528
2025-11-10 16:39:32.989091,0,56,74,46631,57259,25091,12633,11482,12529,8806,2220
2025-11-10 16:39:33.975242,0,60,69,1675253,17683,4620,12122,4608,6196,4376,970
2025-11-10 16:39:34.990089,0,64,67,168084,15529,9198,25554,22573,10358,7414,8769
2025-11-10 16:39:35.967365,0,60,70,64652,17336,9087,6473,1851,2693,2343,1462
2025-11-10 16:39:36.986108,0,41,66,323660,333008,40593,45041,23475,8781,6336,9204
2025-11-10 16:39:37.958961,0,23,61,74598,45567,16514,2255,5915,2214,2546,1446
2025-11-10 16:39:38.955313,0,10,50,74154,22417,1011,4842,3061,1662,2484,820
2025-11-10 16:39:39.977135,0,20,50,529647,21207,20583,11273,9152,9271,3325,3163
2025-11-10 16:39:40.950669,0,38,54,100803,47180,6902,22835,13135,9144,16043,7912
2025-11-10 16:39:41.948929,0,56,66,12554,6439,2270,14611,2878,4707,2529,2615
2025-11-10 16:39:42.940931,0,56,69,31418,135183,1014,44970,7208,9437,3346,1846
2025-11-10 16:39:43.955463,0,53,69,22539,18748,16088,19363,10524,8577,2218,1607
2025-11-10 16:39:44.939468,0,43,70,245304,165035,33795,76057,23898,13007,4524,6031
2025-11-10 16:39:45.932769,0,40,61,287878,34744,11876,6503,3238,7094,1366,486
2025-11-10 16:39:46.930591,0,43,56,111762,48276,4239,5021,6626,4130,2225,1533
2025-11-10 16:39:47.927818,0,41,51,133150,14332,1146,9132,4059,3411,4297,1349
2025-11-10 16:39:48.937870,0,41,44,2141575,228423,20475,39466,50629,13194,28683,13750
2025-11-10 16:39:49.919981,0,30,44,241743,133131,35645,24047,10643,9566,8005,3969
2025-11-10 16:39:50.927260,0,27,41,88472,135625,13764,8747,25483,8705,11514,2234
2025-11-10 16:39:51.911890,0,27,30,439652,75032,8812,7405,26519,12003,24290,20291
2025-11-10 16:39:52.905006,0,29,43,106317,19401,10699,9494,4488,2188,2608,1030
2025-11-10 16:39:53.902661,0,37,37,674131,84048,11815,8421,14522,9828,6429,2616
2025-11-10 16:39:54.894575,0,43,44,113071,31916,13282,2808,6616,4946,3710,2622
2025-11-10 16:39:55.901466,0,40,57,432644,50520,25308,27198,5870,9220,8616,2003
2025-11-10 16:39:56.892839,0,50,47,1411896,121594,2319,30003,19923,24390,6395,3655
2025-11-10 16:39:57.914995,0,53,53,42830,78601,15181,34219,37042,18300,22175,6627
2025-11-10 16:39:58.884322,0,56,53,259741,73160,15765,30260,19313,16203,6723,6886
2025-11-10 16:39:59.892213,0,48,48,328372,67806,19750,7669,3151,3800,3007,930
2025-11-10 16:40:00.877354,0,38,66,14875,27002,71944,9188,6206,6662,2588,1524
2025-11-10 16:40:01.875368,0,41,78,9723,5834,16036,5253,4740,5427,2157,2923
2025-11-10 16:40:02.872949,0,27,90,44232,25758,16749,41087,6732,3285,1928,1937
2025-11-10 16:40:03.865342,0,50,91,14312,9274,6142,4931,5393,6364,2397,1178
2025-11-10 16:40:04.878374,0,53,77,468200,171266,24907,40172,16081,21651,11077,16414
2025-11-10 16:40:05.855893,0,50,64,729911,303175,64627,44148,68335,49394,38464,10329
2025-11-10 16:40:06.883470,0,47,48,728453,482457,98585,44203,62677,16490,23191,9195
2025-11-10 16:40:07.848518,0,38,63,6777,6093,31414,26119,4903,9865,4867,4147
2025-11-10 16:40:08.844649,0,34,77,31088,41025,18788,94824,13414,7768,6771,3711
2025-11-10 16:40:09.846696,0,34,84,47221,13508,407,29813,13554,5728,6444,1843
2025-11-10 16:40:10.838567,0,43,100,8536,29514,13312,77799,12714,8061,3453,555
2025-11-10 16:40:11.836742,0,38,94,466544,42341,49523,22547,6431,11215,3498,2311
2025-11-10 16:40:12.833368,0,51,84,479059,36365,9885,19321,7370,13848,13189,1980
2025-11-10 16:40:13.848301,0,47,84,42630,24326,22731,10765,13970,4519,5003,2331
2025-11-10 16:40:14.819588,0,47,75,811392,64834,28063,24098,9038,9187,10589,12990
2025-11-10 16:40:15.819385,0,29,56,402801,96651,4913,6882,808,2230,863,861
2025-11-10 16:40:16.816061,0,23,64,16800,10231,12702,12066,6090,3496,1822,1366
2025-11-10 16:40:17.812678,0,27,61,9774,12474,5953,6467,5324,3069,1584,2099
2025-11-10 16:40:18.808845,0,35,63,54730,17059,3026,14491,3634,5309,3748,2081
2025-11-10 16:40:19.806029,0,47,78,38591,55659,25783,26689,9035,6765,6478,14791
2025-11-10 16:40:20.805893,0,44,74,18620,49838,24000,23974,4625,7654,1953,1977
2025-11-10 16:40:21.796244,0,51,75,68198,15393,2494,19360,4366,8575,3593,1414
2025-11-10 16:40:22.813583,0,43,87,112265,11684,34824,23051,5751,4691,3370,2561
2025-11-10 16:40:23.789733,0,53,84,88100,45949,21382,16055,9148,12822,11955,4249
2025-11-10 16:40:24.788119,0,48,81,14461,33506,6237,10471,4918,2337,937,867
2025-11-10 16:40:25.792497,0,29,87,125753,32628,48441,22785,5735,4537,1891,3316
2025-11-10 16:40:26.777144,0,30,81,47551,42156,5304,75169,1840,9765,3132,1686
2025-11-10 16:40:27.794687,0,20,91,34209,17276,22938,34270,7893,3560,4799,1570
2025-11-10 16:40:28.767230,0,30,97,13532,5601,12540,3655,7292,3451,1730,1106
2025-11-10 16:40:29.785336,0,38,84,41777,101952,18934,22850,12159,10281,2932,1304
2025-11-10 16:40:30.763032,0,29,83,37569,17328,19037,10071,5609,1889,1629,766
2025-11-10 16:40:31.757972,0,38,80,34034,18177,20484,12540,6250,5069,1889,689
2025-11-10 16:40:32.754555,0,23,87,9173,18275,49579,20760,5910,3233,2043,2056
2025-11-10 16:40:33.748617,0,21,91,185498,27040,18022,4192,3689,3466,736,539
2025-11-10 16:40:34.770058,0,17,91,180576,25008,16456,20749,4106,1911,1170,435
2025-11-10 16:40:35.739774,0,13,75,165379,35165,3244,2988,9427,2687,3770,492
2025-11-10 16:40:36.760296,0,26,63,101499,11916,4068,6285,1518,2762,1166,893
2025-11-10 16:40:37.738030,0,21,51,501671,169611,25630,5788,9472,8730,6293,1794
2025-11-10 16:40:38.730950,0,23,44,275552,61215,22710,8342,3774,2870,921,643
2025-11-10 16:40:39.727220,0,29,60,24388,30631,44107,4767,11063,8509,5636,1950
2025-11-10 16:40:40.723768,0,24,54,99497,21335,6547,5196,7982,2721,2444,340
2025-11-10 16:40:41.733085,0,29,66,14587,41930,21019,25877,16395,6664,5576,3320
2025-11-10 16:40:42.711670,0,30,75,66136,56420,51386,34553,9297,5329,2934,1557
2025-11-10 16:40:43.735989,0,23,64,74028,34591,1600,8763,2559,1993,751,854
2025-11-10 16:40:44.705343,0,21,61,77848,103530,4762,26971,19084,8415,2921,1962
2025-11-10 16:40:45.702067,0,30,54,64827,29075,7245,7861,13957,9666,5601,4116
2025-11-10 16:40:46.696706,0,50,50,23153,11780,5463,8022,5483,5386,2563,2048
2025-11-10 16:40:47.697167,0,50,56,731981,38667,26180,4875,7893,3284,2221,1180
2025-11-10 16:40:48.696989,0,56,70,18208,8585,17366,22294,9157,5560,1021,1352
2025-11-10 16:40:49.692786,0,43,81,18374,24853,28394,10776,9144,4574,1977,957
2025-11-10 16:40:50.708464,0,27,88,211692,23089,23079,32721,15568,4053,3026,2447
2025-11-10 16:40:51.692439,0,38,94,7228,13378,17682,16242,6254,5073,1493,2434
2025-11-10 16:40:52.694406,0,35,93,25114,7806,25191,526,8160,3082,2091,4641
2025-11-10 16:40:53.672897,0,43,91,11682,27232,7528,21235,5040,8579,2101,803
2025-11-10 16:40:54.672574,0,48,96,28962,13316,41967,22877,8719,6002,1202,904
2025-11-10 16:40:55.675364,0,43,88,132191,18857,6886,8220,5449,2377,695,515
2025-11-10 16:40:56.664460,0,53,90,15011,6478,3631,28943,5496,9587,7504,3507
2025-11-10 16:40:57.671650,0,47,84,6169,42384,13904,10181,3491,5252,3239,1440
2025-11-10 16:40:58.654907,0,44,81,156606,7967,9529,7291,2085,1739,1996,750
2025-11-10 16:40:59.670490,0,53,81,74059,29681,2554,21751,8208,7738,6712,4213
2025-11-10 16:41:00.659868,0,56,69,14715,21979,3384,13930,10077,13748,2359,2936
2025-11-10 16:41:01.641701,0,63,81,18509,6043,24077,3136,3413,4952,3386,1745
2025-11-10 16:41:02.639781,0,75,77,6665,9697,8217,11246,4346,6248,3306,3669
2025-11-10 16:41:03.638076,0,69,78,15014,12187,3547,5725,3211,1997,3509,1372
2025-11-10 16:41:04.637955,0,56,90,6530,7621,23835,7176,5307,3784,4222,912
2025-11-10 16:41:05.628540,0,61,83,147661,9796,14321,10846,9536,7700,5928,1879
2025-11-10 16:41:06.642172,0,50,90,32234,20575,50904,27201,3714,7084,3929,1094
2025-11-10 16:41:07.621382,0,44,91,507588,76594,54892,24349,11951,9858,5345,2633
2025-11-10 16:41:08.616485,0,43,90,8397,10171,27013,17199,16103,4220,2215,1512
2025-11-10 16:41:09.621471,0,47,75,45304,36529,6974,2241,4740,13709,6941,2549
2025-11-10 16:41:10.606662,0,57,56,1525401,86691,8386,23288,19598,22775,10362,8197
2025-11-10 16:41:11.604725,0,66,51,1176945,114618,36519,28165,19993,23956,8478,2299
2025-11-10 16:41:12.610053,0,63,43,34344,103639,31117,32321,15789,10706,4906,7254
2025-11-10 16:41:13.610108,0,63,57,38255,7306,8498,13170,4649,8792,2681,1027
2025-11-10 16:41:14.591091,0,60,66,4782,16005,1375,18026,9428,4758,2445,519
2025-11-10 16:41:15.591667,0,48,64,33904,40293,7601,11581,7237,2882,1320,1579
2025-11-10 16:41:16.586237,0,47,77,96984,72187,20491,131931,5266,10637,3811,2638
2025-11-10 16:41:17.582900,0,47,66,23412,24643,8158,6741,10628,11362,5252,2752
2025-11-10 16:41:18.591374,0,41,75,12546,15387,38418,8839,5169,6372,3571,2179
2025-11-10 16:41:19.572528,0,47,77,125994,45959,18758,11334,17500,5787,10408,3955
2025-11-10 16:41:20.593835,0,48,64,66147,58123,20894,12973,5570,4725,2159,2323
2025-11-10 16:41:21.568638,0,43,66,35854,25797,9235,8861,10093,8007,2140,2084
2025-11-10 16:41:22.559930,0,37,67,8024,17218,33539,22758,7298,3416,1217,1628
2025-11-10 16:41:23.557667,0,34,70,46036,11600,6679,1120,1381,1097,1120,723
2025-11-10 16:41:24.556401,0,53,74,34072,10514,11838,4980,7132,9750,1088,2059
2025-11-10 16:41:25.573387,0,54,70,16756,36579,5191,11610,10470,14150,8604,8945
2025-11-10 16:41:26.549657,0,66,51,40058,82000,8373,14757,11809,13326,5803,1402
2025-11-10 16:41:27.551173,0,84,54,2276,9958,20382,9324,7935,13873,3048,2374
2025-11-10 16:41:28.540114,0,70,51,472474,129616,41159,21605,7702,15912,7633,1981
2025-11-10 16:41:29.553760,0,54,47,163419,28918,1346,3940,3491,2002,1641,249
2025-11-10 16:41:30.538543,0,50,48,385070,48962,17858,3488,14922,5866,5306,1696
2025-11-10 16:41:31.528334,0,29,37,173495,219143,17677,34576,17291,15268,8581,3316
2025-11-10 16:41:32.527209,0,20,40,120351,93867,44024,33862,20936,5305,6424,3429
2025-11-10 16:41:33.523777,0,17,54,119329,36559,44497,9289,21584,4901,5670,13362
2025-11-10 16:41:34.535701,0,14,54,858000,176873,51710,9438,7638,13770,7379,2756
2025-11-10 16:41:35.512166,0,23,63,117102,36887,13103,16052,11098,8787,1799,2884
2025-11-10 16:41:36.524138,0,38,53,77172,61739,1542,13242,8364,9538,7200,1386
2025-11-10 16:41:37.506254,0,41,44,968522,104309,7047,36312,7249,11454,4081,7355
2025-11-10 16:41:38.504997,0,51,50,107561,30523,22035,5609,9844,8289,5021,1502
2025-11-10 16:41:39.505175,0,57,54,32915,16455,9506,13999,2855,8902,2926,901
2025-11-10 16:41:40.495193,0,50,64,442624,41508,21825,29981,32761,5229,8705,3809
2025-11-10 16:41:41.498117,0,50,64,90188,28078,5972,6994,5595,2982,1121,347
2025-11-10 16:41:42.484104,0,51,60,45899,48891,15165,8621,4951,14293,3976,3205
2025-11-10 16:41:43.511953,0,38,57,63126,63697,17603,38687,7410,7127,1682,4218
2025-11-10 16:41:44.477112,0,50,56,16531,20498,5875,10656,9211,6805,1958,1286
2025-11-10 16:41:45.476828,0,51,63,163889,45459,20068,41133,19151,8306,10191,1871
2025-11-10 16:41:46.472977,0,51,63,529281,86202,31791,9676,21325,26378,18872,4002
2025-11-10 16:41:47.466591,0,67,69,309466,5405,6976,22584,2975,10576,7151,4470
2025-11-10 16:41:48.472976,0,60,70,150338,81489,7818,52561,7500,10893,12930,9734
2025-11-10 16:41:49.463490,0,66,60,119032,21938,1474,5224,6692,3990,5749,3278
2025-11-10 16:41:50.480658,0,60,63,481463,59886,28944,14198,15664,12159,5250,8902
2025-11-10 16:41:51.452896,0,48,51,79644,26535,7490,3977,1484,3463,2348,3378
2025-11-10 16:41:52.485331,0,50,44,1022376,92518,14252,24129,21570,12552,13839,3061
2025-11-10 16:41:53.447371,0,57,60,7084,7005,12592,12257,5166,9418,6124,2652
2025-11-10 16:41:54.439443,0,53,69,13360,35286,73298,20199,14748,10052,1909,1190
2025-11-10 16:41:55.453480,0,56,74,101415,44938,32047,7535,16991,10186,2868,2848
2025-11-10 16:41:56.435688,0,56,70,57545,98968,6178,23876,14781,13897,4470,3250
2025-11-10 16:41:57.440225,0,51,57,35177,24901,1241,8136,4206,6455,7431,3235
2025-11-10 16:41:58.425407,0,53,47,139466,16848,2289,5668,5215,2000,3195,361
2025-11-10 16:41:59.441166,0,47,50,234881,17747,17683,6838,5670,2596,1809,1216
2025-11-10 16:42:00.416974,0,41,50,2549255,94514,10731,14379,6948,8863,4067,1907
2025-11-10 16:42:01.423123,0,35,54,65388,65361,23567,22266,37329,10695,4655,4067
2025-11-10 16:42:02.407888,0,24,48,1660038,382356,32363,30233,26789,13759,7627,4097
2025-11-10 16:42:03.409374,0,30,44,446068,109166,72037,17280,15062,23102,28747,8803
2025-11-10 16:42:04.412754,0,41,41,107993,89274,14529,7946,10581,18565,12868,12928
2025-11-10 16:42:05.397835,0,53,43,53857,40908,29038,8551,18335,24147,3141,2433
2025-11-10 16:42:06.409904,0,80,48,10681,14272,7897,3011,11310,9594,8346,3592
2025-11-10 16:42:07.393282,0,87,47,134118,24712,9690,12580,11313,10222,16823,6436
2025-11-10 16:42:08.387898,0,88,66,46073,5816,17912,44287,9808,14767,3146,1261
2025-11-10 16:42:09.385340,0,70,74,183855,14040,14212,4993,2689,2525,1376,467
2025-11-10 16:42:10.386685,0,48,77,36349,246830,75925,48832,24990,13841,6057,3216
2025-11-10 16:42:11.380349,0,38,77,71552,43356,27534,6709,18165,6550,20390,5580
2025-11-10 16:42:12.372231,0,21,66,229175,38131,15145,10542,2403,3061,1792,2490
2025-11-10 16:42:13.381646,0,13,67,1191202,47831,62235,40294,20605,5591,11864,2876
2025-11-10 16:42:14.365137,0,17,69,617399,130651,74758,9975,17971,13170,13095,9284
2025-11-10 16:42:15.408574,0,16,75,1287220,430041,461975,54114,25404,64175,60793,21734
2025-11-10 16:42:16.355402,0,11,67,171010,57834,9159,7221,592,1958,4114,1463
2025-11-10 16:42:17.357129,0,26,53,706169,76414,7289,8410,7804,13783,16032,5022
2025-11-10 16:42:18.350898,0,29,64,79583,21404,31194,55566,5276,8721,8007,9208
2025-11-10 16:42:19.347780,0,30,60,725699,66795,13015,43805,27724,10744,33802,10109
2025-11-10 16:42:20.364693,0,43,57,1040731,880904,88991,169265,136963,86477,105812,68129
2025-11-10 16:42:21.343554,0,30,61,94684,73177,10324,9019,3202,5096,4067,2214
2025-11-10 16:42:22.332374,0,23,37,889672,71703,6824,2206,3960,2894,2672,2260
2025-11-10 16:42:23.328477,0,24,30,2194562,277157,75098,29754,25473,32403,44211,20968
2025-11-10 16:42:24.330090,0,24,27,699746,718092,56853,65634,37138,64684,54129,8341
2025-11-10 16:42:25.322876,0,23,24,1040692,275948,24729,29113,26779,13790,38742,20390
2025-11-10 16:42:26.317380,0,35,41,131279,13068,12223,7413,4344,3366,7193,1941
2025-11-10 16:42:27.317981,0,35,40,286472,72036,4392,17852,7937,8488,2134,1380
2025-11-10 16:42:28.311183,0,44,47,47950,10906,1028,4114,1803,3530,3999,1585
2025-11-10 16:42:29.327823,0,51,50,1233671,318055,51295,54448,47252,31483,55486,14592
2025-11-10 16:42:30.305085,0,50,48,983855,48029,31452,20919,19608,8786,26934,13535
2025-11-10 16:42:31.302099,0,47,48,816121,84648,3226,20953,4184,7651,5300,4183
2025-11-10 16:42:32.295561,0,37,57,1096665,81358,37033,116592,19309,18718,10900,8221
2025-11-10 16:42:33.292594,0,35,61,824941,93049,7163,50246,44335,10787,15986,14239
2025-11-10 16:42:34.291223,0,27,48,2004753,990944,93913,34640,38201,54962,38867,62769
2025-11-10 16:42:35.287459,0,24,40,2367734,3600727,107131,356358,1086480,185643,196708,84974
2025-11-10 16:42:36.286785,0,21,29,587261,279328,105177,59609,102899,27208,121111,27532
2025-11-10 16:42:37.274399,0,26,30,238933,126754,67017,21794,39801,26616,16840,11909
2025-11-10 16:42:38.278704,0,23,38,1092884,867830,62431,158062,15319,44608,151203,24935
2025-11-10 16:42:39.268079,0,24,35,935309,832015,21750,49492,51924,44744,27261,16175
2025-11-10 16:42:40.267213,0,30,35,99194,192654,14385,91167,27455,40686,64519,31758
2025-11-10 16:42:41.262864,0,38,29,1986718,145018,30174,24201,11897,41990,20504,38550
2025-11-10 16:42:42.259746,0,53,24,138970,14667,1181,957,1618,2807,2211,803
2025-11-10 16:42:43.276536,0,67,35,116888,24797,3846,5395,5086,7639,8346,1150
2025-11-10 16:42:44.250780,0,67,27,128079,495984,101359,18422,68980,81810,25949,24571
2025-11-10 16:42:45.247988,0,60,29,1657881,180111,34339,31875,9120,25475,21020,5473
2025-11-10 16:42:46.244291,0,69,41,240935,16201,11365,4812,7979,13210,4387,3322
2025-11-10 16:42:47.241127,0,64,48,15885,30386,21226,16308,31064,9911,5855,6349
2025-11-10 16:42:48.246090,0,75,64,7540,15370,52167,69765,26080,45603,12812,11444
2025-11-10 16:42:49.229056,0,66,74,72601,28176,25018,9337,3239,2797,2395,3814
2025-11-10 16:42:50.235721,0,48,64,27496,213499,26196,18558,23859,18143,25223,7326
2025-11-10 16:42:51.225852,0,47,77,6480,13092,3554,64119,13999,8957,10508,3373
2025-11-10 16:42:52.234732,0,34,87,28295,9703,51410,53206,1333,10123,5306,2906
2025-11-10 16:42:53.216388,0,38,88,21552,29523,43376,23732,24142,6325,5636,3983
2025-11-10 16:42:54.212695,0,47,81,14563,47602,475,6650,30935,7813,4826,1439
2025-11-10 16:42:55.209089,0,50,78,17659,9518,14645,22061,11376,7551,6461,4230
2025-11-10 16:42:56.204676,0,60,64,13976,17237,22685,10442,10803,11487,11732,1429
2025-11-10 16:42:57.204974,0,67,56,3358,27921,7942,20038,19061,8361,11418,2738
2025-11-10 16:42:58.194346,0,64,80,4861,27113,29794,30542,9185,9203,6956,8149
2025-11-10 16:42:59.208040,0,43,70,165728,221116,40719,79420,7951,6974,7348,3351
2025-11-10 16:43:00.186821,0,30,80,26309,38527,41002,82912,8033,11777,11404,4043
2025-11-10 16:43:01.184020,0,35,87,3555,14405,21561,26472,10432,12718,4471,1918
2025-11-10 16:43:02.179487,0,40,81,19485,23068,23967,6585,7014,11101,5101,3969
2025-11-10 16:43:03.181381,0,54,83,23904,55109,40896,10664,20042,9171,5940,5716
2025-11-10 16:43:04.179458,0,60,67,60258,39071,6645,16836,18541,7168,5261,9974
2025-11-10 16:43:05.171763,0,50,69,6073,25577,30192,39782,20325,7364,9746,3123
2025-11-10 16:43:06.188607,0,41,66,417224,73055,26192,31700,30861,11757,9008,4266
2025-11-10 16:43:07.166586,0,48,78,22345,13678,42347,69574,16544,16978,6838,4211
2025-11-10 16:43:08.161817,0,41,90,48248,33892,65511,23083,13063,7597,13320,4028
2025-11-10 16:43:09.159042,0,37,87,14427,40281,11499,27435,3623,4237,13477,2613
2025-11-10 16:43:10.153764,0,43,84,6518,26631,11545,6693,15109,6835,6873,1231
2025-11-10 16:43:11.192870,0,21,64,95924,334646,36451,38482,36423,6298,6842,2290
2025-11-10 16:43:12.145088,0,20,60,17869,112100,55107,67515,12593,13676,12493,3246
2025-11-10 16:43:13.148676,0,24,51,1801470,90905,14251,24917,9257,11657,8608,5768
2025-11-10 16:43:14.137371,0,16,47,626654,377435,59400,24896,4183,30812,10691,2923
2025-11-10 16:43:15.155315,0,38,60,311758,24752,31709,15125,13756,8332,9392,2338
2025-11-10 16:43:16.130402,0,41,57,48011,37660,16693,23248,12003,6835,12706,2603
2025-11-10 16:43:17.130270,0,48,66,74543,29201,38319,15448,14444,12292,10567,2495
2025-11-10 16:43:18.120371,51,48,66,436343,116939,24161,22618,49266,33837,21648,29714
2025-11-10 16:43:19.139540,0,51,67,849432,87511,17367,10013,4829,11395,9411,1625
2025-11-10 16:43:20.146282,0,56,67,367198,9676,11880,4509,3793,5831,5878,2221
2025-11-10 16:43:21.107327,0,54,70,44946,42323,46047,22690,20952,7420,9697,3973
2025-11-10 16:43:22.117884,0,51,69,147132,18143,14509,6742,2375,4166,3339,1393
2025-11-10 16:43:23.101406,0,50,66,524272,258808,32448,25315,22838,23924,17714,10101
2025-11-10 16:43:24.100814,0,41,60,830194,220780,97011,18779,58588,32958,63204,17649
2025-11-10 16:43:25.092460,0,34,50,314397,114135,23416,15923,7456,4678,6924,13629
2025-11-10 16:43:26.087750,0,40,40,748888,206748,51518,31796,56540,61640,46821,10077
2025-11-10 16:43:27.092340,0,53,50,608026,64292,17206,44712,14070,33151,33862,9998
2025-11-10 16:43:28.080905,0,43,41,94318,209172,8704,21495,9757,9537,13397,3054
2025-11-10 16:43:29.116020,0,47,34,86926,33885,485,3476,1455,1538,4625,659
2025-11-10 16:43:30.074517,0,37,30,310817,109157,29872,9056,25854,14150,10461,5980
2025-11-10 16:43:31.069354,0,37,30,36132,27485,11427,19636,14250,16321,9011,2875
2025-11-10 16:43:32.068900,0,48,51,23456,15719,45123,15762,11899,8290,5443,5072
2025-11-10 16:43:33.064614,0,67,67,11495,13010,5555,17358,7962,10910,4749,676
2025-11-10 16:43:34.062868,0,77,67,10125,71642,8791,13949,6975,15531,4546,4605
2025-11-10 16:43:35.054239,0,64,66,192063,134740,29424,40059,5742,17053,9666,5298
2025-11-10 16:43:36.059911,0,60,53,236766,34096,6283,8113,5305,3497,4325,1462
2025-11-10 16:43:37.052070,0,56,50,207183,49026,15703,16909,7351,15885,9069,2998
2025-11-10 16:43:38.083632,0,64,57,259981,18009,15049,10234,9055,16436,7572,3553
2025-11-10 16:43:39.041918,0,69,61,403179,17262,10705,34316,31437,10165,13988,9035
2025-11-10 16:43:40.036172,0,69,64,754040,223764,122667,66720,51105,29784,29572,18775
2025-11-10 16:43:41.040441,0,69,54,858718,152170,16803,18827,42544,34693,14419,5192
2025-11-10 16:43:42.031921,0,64,63,9103,5501,35664,6585,10332,13172,21046,4813
2025-11-10 16:43:43.037424,0,67,63,20634,12652,12169,14777,16033,7484,6321,2453
2025-11-10 16:43:44.020735,0,69,75,4491,19356,26086,65847,7720,9902,14074,5326
2025-11-10 16:43:45.038545,0,78,75,37875,15259,268,5842,10797,9779,5511,4270
2025-11-10 16:43:46.013329,0,69,67,15063,131622,44118,69834,38767,26710,10387,5147
2025-11-10 16:43:47.017765,0,66,64,225586,10304,6012,2977,2108,3317,1088,1516
2025-11-10 16:43:48.012878,0,64,50,50324,31567,8864,9401,7524,3370,11716,4059
2025-11-10 16:43:49.001032,0,53,64,476481,24702,30237,8133,7877,9334,2392,5289
2025-11-10 16:43:50.018005,0,61,64,889641,76179,32677,48603,16405,37567,6239,2178
2025-11-10 16:43:50.994288,0,61,56,1293030,91534,7611,18260,14318,20579,10818,4320
2025-11-10 16:43:52.002586,0,63,53,115577,14485,2015,3400,1371,1452,1265,4171
2025-11-10 16:43:52.985560,0,53,37,761703,107290,5195,9346,10051,7275,8061,3324
2025-11-10 16:43:53.985671,0,40,47,81102,26068,12035,68401,6958,7042,5323,7080
2025-11-10 16:43:54.986102,0,26,60,67727,31891,32199,11783,8297,4459,6428,4152
2025-11-10 16:43:55.978077,0,35,70,75332,6701,6094,6742,2250,2932,2215,1529
2025-11-10 16:43:56.986788,0,44,88,27530,13939,9283,16114,7845,6601,10913,1521
2025-11-10 16:43:57.970978,0,51,80,20108,27979,23294,16997,20156,8641,6854,1960
2025-11-10 16:43:58.977899,0,63,66,43090,37797,2703,7461,2557,7966,9906,2846
2025-11-10 16:43:59.962520,0,57,60,49896,77731,7589,49953,35190,12036,6784,6177
2025-11-10 16:44:00.957485,0,47,56,71614,20001,13785,4402,8426,2193,2701,2206
2025-11-10 16:44:01.957795,0,43,44,126304,32975,5138,1366,2827,3786,1546,1238
2025-11-10 16:44:02.949168,0,48,51,6221,13691,6622,12710,10161,10200,4209,840
2025-11-10 16:44:03.964323,0,44,47,549460,101652,19823,16677,25369,7839,6698,2684
2025-11-10 16:44:04.938267,0,61,48,947829,14111,7139,9636,4263,9738,1989,1320
2025-11-10 16:44:05.971779,0,57,51,1353627,149681,20510,21474,27988,12567,21934,3974
2025-11-10 16:44:06.937097,0,41,48,95585,101855,32829,14388,17225,8600,7565,2839
2025-11-10 16:44:07.932475,0,38,53,68374,122894,50528,17307,16052,6783,13363,3870
2025-11-10 16:44:08.926576,0,29,43,1947477,228139,38707,36480,124282,48907,32937,16734
2025-11-10 16:44:09.919162,0,51,44,859989,29995,13843,8748,16930,26619,4791,3761
2025-11-10 16:44:10.925000,0,57,35,502410,303286,11352,23335,27094,33792,6684,4339
2025-11-10 16:44:11.915992,0,69,35,89226,45833,36970,5935,21275,9744,2253,1231
2025-11-10 16:44:12.932561,0,66,48,32132,15069,13720,17707,13059,5394,6213,1796
2025-11-10 16:44:13.918425,0,51,44,238673,71300,12932,7961,12666,10440,9087,6237
2025-11-10 16:44:14.902318,0,47,54,84623,49832,11070,9001,5107,4483,17177,13380
2025-11-10 16:44:15.900586,0,43,56,35027,23089,7171,14462,7322,3606,2905,886
2025-11-10 16:44:16.895176,0,37,48,96342,55805,15422,6914,4161,4654,3027,956
2025-11-10 16:44:17.900356,0,34,63,18038,15544,39452,8132,10034,5778,3051,2159
2025-11-10 16:44:18.891329,0,40,70,42561,24306,21763,9554,8196,6597,4016,811
2025-11-10 16:44:19.890079,0,60,74,15430,5805,12797,11425,4478,16895,5052,2282
2025-11-10 16:44:20.884028,0,75,75,13848,20442,5869,8323,5451,9637,1517,1167
2025-11-10 16:44:21.895060,0,78,67,5436,21997,2179,14687,2834,4318,2529,789
2025-11-10 16:44:22.882494,0,74,75,4786,22816,44759,18982,7272,6486,2405,1361
2025-11-10 16:44:23.866581,0,66,69,13569,13166,8540,7700,7772,8943,1567,1684
2025-11-10 16:44:24.863956,0,51,83,5247,11968,8066,27748,3756,2928,1712,722
2025-11-10 16:44:25.858951,0,34,70,79613,59594,6004,3400,3680,1589,524,457
2025-11-10 16:44:26.867651,0,16,74,30638,13531,14345,23626,4099,475,351,438
2025-11-10 16:44:27.854620,0,8,63,45470,54599,2713,8183,2466,6423,2458,1077
2025-11-10 16:44:28.866478,0,1,50,47036,152296,22048,37646,17372,5005,4968,1252
2025-11-10 16:44:29.844065,0,16,74,2532,20699,39301,19525,3278,4651,3639,816
2025-11-10 16:44:30.843708,0,37,70,13745,11552,6440,34897,6947,3590,873,703
2025-11-10 16:44:31.843377,0,40,84,22141,16946,7151,14921,3651,5595,600,894
2025-11-10 16:44:32.836680,0,41,100,57004,41492,41005,68728,2839,4775,578,1319
2025-11-10 16:44:33.833986,0,41,100,40807,27259,11140,58477,6761,5279,1456,1821
2025-11-10 16:44:34.829148,0,35,96,8707,36084,56856,14630,6866,4185,2743,1221
2025-11-10 16:44:35.848920,0,44,88,9654,10148,4837,1635,4585,6449,2430,1262
2025-11-10 16:44:36.822367,0,47,81,5220,27271,25942,7498,2077,2475,911,1823
2025-11-10 16:44:37.815901,0,51,81,6498,9216,2873,28536,4040,3541,1624,1328
2025-11-10 16:44:38.822248,0,56,80,10188,10193,8940,10096,5193,2210,1075,1511
2025-11-10 16:44:39.810159,0,40,91,8975,14442,11233,19459,4094,2573,1628,442
2025-11-10 16:44:40.824791,0,47,91,30151,28364,21122,19922,4711,6190,928,1476
2025-11-10 16:44:41.800374,0,50,78,7319,15849,1285,7008,6151,2984,1742,1085
2025-11-10 16:44:42.822541,0,47,64,46521,18787,1150,2657,588,1059,698,228
2025-11-10 16:44:43.793185,0,43,70,2977,9014,20263,41113,5418,3130,5592,720
2025-11-10 16:44:44.787649,0,38,81,3336,11321,58800,45613,9245,5877,3216,1697
2025-11-10 16:44:45.789235,0,27,90,6060,33421,20037,14470,4767,3532,1309,1031
2025-11-10 16:44:46.783505,0,35,100,33015,9227,17935,26337,2525,5476,4799,634
2025-11-10 16:44:47.783793,0,37,96,93954,42637,25246,9975,7602,3608,2338,2318
2025-11-10 16:44:48.778500,0,37,91,39690,20289,36268,23591,6478,3942,1533,1075
2025-11-10 16:44:49.777961,0,41,90,94095,56784,49283,5320,6478,8438,1496,3367
2025-11-10 16:44:50.763427,0,41,93,29864,3094,61987,8056,12379,6865,1472,2039
2025-11-10 16:44:51.780466,0,37,100,16976,29740,30073,38709,9863,2878,2085,1000
2025-11-10 16:44:52.757386,0,34,100,31237,9337,52571,52666,4641,3951,1319,1840
2025-11-10 16:44:53.757393,0,29,100,32896,42796,15796,26598,13931,4667,1242,868
2025-11-10 16:44:54.750731,0,26,83,247740,106462,15304,11919,4099,9023,1825,1438
2025-11-10 16:44:55.746902,0,27,91,8561,14608,115836,101285,6097,8904,1630,2207
2025-11-10 16:44:56.770234,0,37,70,44466,16184,5282,5705,1353,2096,2357,953
2025-11-10 16:44:57.739202,0,40,70,99344,25352,23837,12452,9689,5661,6985,6733
2025-11-10 16:44:58.750582,0,40,78,221048,73038,20758,32675,8295,7594,1811,3099
2025-11-10 16:44:59.730666,0,41,56,99336,20873,8441,839,3664,1410,478,311
2025-11-10 16:45:00.730796,0,40,63,24254,31231,33852,33647,8120,6387,1332,1046
2025-11-10 16:45:01.722634,0,37,64,30471,14044,2532,19109,5131,2740,1239,1162
2025-11-10 16:45:02.720533,0,40,74,3965,11722,18902,23302,2520,4573,1142,874
2025-11-10 16:45:03.726459,0,44,90,13683,6608,12556,49697,7985,5970,1315,728
2025-11-10 16:45:04.713032,0,41,91,18478,17900,36406,10682,2199,2665,805,814
2025-11-10 16:45:05.752658,0,40,94,14623,13583,30400,1318,3555,2872,792,967
2025-11-10 16:45:06.705924,0,47,90,5230,11249,3428,15748,3234,4652,1656,1659
2025-11-10 16:45:07.700733,0,48,77,13699,12800,8452,6608,8967,2976,2397,1088
2025-11-10 16:45:08.699498,0,43,74,22938,38258,43277,22884,17104,2416,1886,1309
2025-11-10 16:45:09.692322,0,35,60,27459,155789,11590,29674,5999,5600,2662,1032
2025-11-10 16:45:10.693071,0,20,44,16125,71699,3325,9743,12348,3089,1477,1705
2025-11-10 16:45:11.686332,0,23,44,16741,34388,8459,22519,6730,9903,4609,1749
2025-11-10 16:45:12.698623,0,29,37,68341,186761,29803,36637,4633,12309,6556,7070
2025-11-10 16:45:13.682748,0,38,40,314380,21085,3813,7229,4675,1925,1202,885
2025-11-10 16:45:14.717651,0,51,47,86800,95388,40688,10254,12751,18917,8746,1704
2025-11-10 16:45:15.671542,0,40,34,154208,49169,4117,2866,4563,2784,648,456
2025-11-10 16:45:16.669360,0,50,41,43869,18298,19624,18497,7614,7022,2642,1645
2025-11-10 16:45:17.675937,0,47,60,6919,17284,28676,72432,3457,4860,1829,1098
2025-11-10 16:45:18.661144,0,35,54,1892478,222836,18005,36087,25905,14109,8271,4737
2025-11-10 16:45:19.661275,0,35,53,134674,76619,2738,6057,3233,3844,2575,3017
2025-11-10 16:45:20.656296,0,35,51,215229,68524,31549,42632,8656,15697,3619,2020
2025-11-10 16:45:21.681803,0,37,14,247488,226605,5802,629,6075,13214,7314,4253
2025-11-10 16:45:22.645983,0,54,23,604054,35464,5925,29049,16541,20649,10421,4908
2025-11-10 16:45:23.688567,0,51,24,336921,125671,6670,10598,2287,5095,2287,1691
2025-11-10 16:45:24.637549,0,54,11,88985,16665,2814,3091,21124,3749,1062,986
2025-11-10 16:45:25.635770,0,70,38,883876,24204,44743,20625,21558,21132,9444,3740
2025-11-10 16:45:26.644817,0,64,27,374126,212649,20721,16333,49542,42318,20195,13605
2025-11-10 16:45:27.622958,0,66,48,86054,35485,69309,12648,6793,4419,6943,870
2025-11-10 16:45:28.634775,0,69,64,5652,5159,16631,8547,3150,7295,2579,638
2025-11-10 16:45:29.620039,0,66,57,13932,26005,2566,12120,11054,6459,6475,6529
2025-11-10 16:45:30.615965,0,60,77,57813,10585,17408,10615,6345,3216,4065,1861
2025-11-10 16:45:31.609095,0,61,66,59235,15029,6903,3127,2246,1186,713,693
2025-11-10 16:45:32.613430,0,48,50,12406,85128,7205,9015,6631,6690,1583,1407
2025-11-10 16:45:33.607659,0,48,61,9827,11482,21778,12894,8049,6754,1830,1180
2025-11-10 16:45:34.600839,0,41,57,3609,28840,13010,23624,7053,3282,3388,870
2025-11-10 16:45:35.603716,0,54,57,29688,11483,7565,3078,3901,3433,1928,1286
2025-11-10 16:45:36.593775,0,53,66,4951,22188,7387,7866,3307,2287,682,1193
2025-11-10 16:45:37.590178,0,41,66,7094,29326,18414,37283,7180,4578,1398,1797
2025-11-10 16:45:38.586234,0,38,60,95563,23321,6352,5345,2324,1041,1997,414
2025-11-10 16:45:39.582600,0,35,54,315803,46248,4505,12791,12036,7920,10251,4946
2025-11-10 16:45:40.576164,0,53,50,147093,42775,6587,20306,27254,24626,7225,2070
2025-11-10 16:45:41.584334,0,64,44,248219,43203,5869,38403,7730,13278,19896,5107
2025-11-10 16:45:42.574329,0,80,44,70050,59009,7056,22804,3743,13527,8756,3004
2025-11-10 16:45:43.565621,0,91,51,33274,22507,18066,9555,3225,16428,6440,2542
2025-11-10 16:45:44.582496,0,88,54,9906,14120,5972,8349,10303,7628,2581,1332
2025-11-10 16:45:45.560622,0,91,53,12357,21029,12614,8242,7933,8570,3046,6351
2025-11-10 16:45:46.554676,0,87,60,20715,48258,30699,27296,1731,8403,5664,2799
2025-11-10 16:45:47.556250,0,78,63,8007,15455,2077,23150,5045,6265,2795,2527
2025-11-10 16:45:48.545719,0,53,61,426516,176267,50853,15808,11982,5405,3022,3845
2025-11-10 16:45:49.555983,0,47,57,80394,6702,1442,1464,643,1095,1165,461
2025-11-10 16:45:50.538719,0,43,50,12229,21795,4595,3642,1045,1821,973,566
2025-11-10 16:45:51.552187,0,41,47,160206,12040,2189,7887,3218,3169,2197,1358
2025-11-10 16:45:52.533193,0,67,54,15149,6605,22179,5547,4552,9938,2700,4553
2025-11-10 16:45:53.552292,0,64,54,91403,75101,14898,16863,11207,9967,2574,2987
2025-11-10 16:45:54.526103,0,67,67,188944,21769,18929,64098,8714,9134,6452,4865
2025-11-10 16:45:55.516933,0,56,70,99996,59299,31724,24978,9391,5565,7378,2657
2025-11-10 16:45:56.531831,0,47,61,70420,83882,15108,22070,5430,11387,3094,1201
2025-11-10 16:45:57.508040,0,57,54,30782,31196,4116,2477,2795,11428,3651,3509
2025-11-10 16:45:58.534821,0,50,48,7014,32004,6448,24624,10046,2616,1656,1905
2025-11-10 16:45:59.513456,0,56,50,1216,18816,13083,14929,4281,3599,1837,972
2025-11-10 16:46:00.497402,0,54,43,183485,132286,8074,16155,9805,12752,8637,2622
2025-11-10 16:46:01.493933,0,48,57,37613,5033,8604,2129,2390,2504,3143,604
2025-11-10 16:46:02.492784,0,47,64,29071,29165,47354,39513,10322,3919,5293,4402
2025-11-10 16:46:03.490147,0,50,67,43591,19082,26460,19702,3852,7749,4355,694
2025-11-10 16:46:04.486973,0,50,75,27051,59915,16372,11726,14779,6237,3737,8713
2025-11-10 16:46:05.489070,0,43,66,105437,74315,12643,19140,9351,8191,10685,9417
2025-11-10 16:46:06.476924,0,53,70,26665,9594,19652,67040,2854,7768,9809,4466
2025-11-10 16:46:07.495489,0,63,64,31395,29734,24809,17243,17079,23329,27048,21373
2025-11-10 16:46:08.496554,0,69,53,183214,66680,136,6228,9526,10877,5810,5492
2025-11-10 16:46:09.465792,0,69,56,1309175,104330,58010,23677,16343,15710,15198,6765
2025-11-10 16:46:10.460961,0,70,34,1323171,752986,66555,102370,134333,96724,68905,43068
2025-11-10 16:46:11.458622,0,56,30,402827,88484,7640,43379,11339,10364,25866,10330
2025-11-10 16:46:12.472422,0,50,34,479873,606608,8677,60394,46531,49537,100828,61844
2025-11-10 16:46:13.454682,0,57,35,1135712,144201,78882,61254,31856,58857,39285,12391
2025-11-10 16:46:14.464466,0,57,35,269973,21731,2724,1246,566,2465,4042,997
2025-11-10 16:46:15.441493,0,69,24,1059409,181700,24596,10291,74135,54341,35234,15155
2025-11-10 16:46:16.440175,0,75,29,1444306,157241,25907,13506,8309,24955,46601,5759
2025-11-10 16:46:17.445702,0,81,24,2110522,59612,13421,22626,7166,35050,9448,12706
2025-11-10 16:46:18.433232,0,80,34,1194877,398424,149594,51240,17629,52239,29060,17877
2025-11-10 16:46:19.445740,0,77,37,2261208,324566,48305,31962,13684,72694,37464,11349
2025-11-10 16:46:20.425163,0,81,41,568066,187753,28645,82718,28503,63432,22903,40894
2025-11-10 16:46:21.450209,0,70,41,1868181,231125,110920,10414,65953,47078,46792,19209
2025-11-10 16:46:22.418976,0,81,44,585685,28570,35364,5157,7978,15491,6906,3278
2025-11-10 16:46:23.412869,0,75,40,815159,371994,4612,40325,14316,32660,19624,16406
2025-11-10 16:46:24.409839,0,70,48,11589,19186,26403,17707,5584,8981,4927,2159
2025-11-10 16:46:25.401564,0,57,51,208784,227080,85744,37077,12261,14416,12301,9551
2025-11-10 16:46:26.420980,0,41,41,1894992,648951,34202,88695,32564,36315,52862,15188
2025-11-10 16:46:27.395207,0,50,48,408547,38147,3311,16985,23658,11080,4999,1886
2025-11-10 16:46:28.420177,0,51,40,220580,120821,43447,19702,10055,28953,15504,20487
2025-11-10 16:46:29.400433,0,63,41,243548,97560,22305,49094,18416,23883,32829,7604
2025-11-10 16:46:30.383079,0,78,61,19881,4797,43280,21328,2496,13590,6747,1551
2025-11-10 16:46:31.381098,0,66,69,51150,92237,84834,21748,28029,10545,12915,5733
2025-11-10 16:46:32.377421,0,77,66,80179,31449,22723,7981,39913,30076,11162,3931
2025-11-10 16:46:33.406983,0,70,61,20863,103553,25655,13891,18235,13247,19899,6568
2025-11-10 16:46:34.369752,0,67,47,14194,69309,3078,31290,10531,13990,4163,2542
2025-11-10 16:46:35.388749,0,81,41,524422,34780,1586,21271,9669,11618,9278,7694
2025-11-10 16:46:36.361545,0,70,51,374668,44522,36665,30684,4253,17437,13631,6483
2025-11-10 16:46:37.360154,0,66,63,93202,57365,67457,39460,19941,10120,8802,2808
2025-11-10 16:46:38.358226,0,67,66,13068,32096,5112,27539,6160,10932,10605,3834
2025-11-10 16:46:39.350101,0,69,64,31729,24373,10028,5244,13424,7869,6792,2650
2025-11-10 16:46:40.360906,0,64,61,18362,28539,17867,14269,15943,6484,8129,701
2025-11-10 16:46:41.340723,0,61,61,90808,99963,71941,112544,15018,12053,7434,3570
2025-11-10 16:46:42.366499,0,53,56,563078,272832,86721,14839,24538,29438,19969,5038
2025-11-10 16:46:43.336794,0,41,66,35139,21317,31250,12671,5375,4246,3035,4512
2025-11-10 16:46:44.349955,0,44,69,8288,7415,6342,11322,7853,3453,3283,859
2025-11-10 16:46:45.324680,0,50,54,142321,260713,35010,28278,15092,21340,31690,5794
2025-11-10 16:46:46.324720,0,48,57,640785,57587,48938,27219,68172,9442,16474,4137
2025-11-10 16:46:47.320476,0,47,44,255757,9943,1907,1010,2845,748,438,317
2025-11-10 16:46:48.319112,0,40,38,378393,42903,10908,3770,2011,3928,3358,3912
2025-11-10 16:46:49.320856,0,51,43,637735,47907,785,38939,15480,19165,13285,11053
2025-11-10 16:46:50.309831,0,56,43,731575,53977,27709,10990,11874,10232,22561,10578
2025-11-10 16:46:51.331107,0,61,50,338136,36167,12030,15184,8828,6562,5864,1792
2025-11-10 16:46:52.298516,0,67,56,2119538,48343,25685,24570,10359,12549,4685,2027
2025-11-10 16:46:53.298283,0,64,56,955421,131691,38892,39420,26833,35785,15545,8835
2025-11-10 16:46:54.296190,0,51,56,1987078,206282,90459,53859,16772,8233,11221,5871
2025-11-10 16:46:55.288680,0,48,56,175736,82148,32998,25030,21894,10628,17400,3113
2025-11-10 16:46:56.296690,0,54,57,98152,31794,34073,12310,11304,16500,3629,1101
2025-11-10 16:46:57.281139,0,54,64,17041,10527,21886,8649,4966,7217,3348,3195
2025-11-10 16:46:58.289942,0,57,80,32341,24268,65892,102324,14061,6626,6620,3579
2025-11-10 16:46:59.276700,0,56,90,5048,8074,23092,28039,7563,3687,1977,2336
2025-11-10 16:47:00.315343,0,48,94,16088,31997,69136,14170,13860,13936,2104,2268
2025-11-10 16:47:01.269620,0,34,93,155859,69717,88109,8650,15378,6847,5156,3489
2025-11-10 16:47:02.264691,0,51,78,1613391,109828,11592,82256,53394,41122,19652,7654
2025-11-10 16:47:03.257294,0,61,63,134697,79925,15568,23003,13491,16680,26796,7244
2025-11-10 16:47:04.257217,0,61,54,50528,21074,9092,2415,2180,3980,1917,609
2025-11-10 16:47:05.257827,0,74,51,494718,75077,88511,16669,32279,23682,39233,13561
2025-11-10 16:47:06.247139,0,74,41,133008,76967,7044,4447,14712,17875,6495,3002
2025-11-10 16:47:07.267413,0,75,48,29953,22010,33691,7993,13295,10786,5344,4931
2025-11-10 16:47:08.246371,0,84,53,27846,5853,4544,12843,9632,7504,3703,3473
2025-11-10 16:47:09.252016,0,77,53,15121,48233,45340,20240,22344,6576,5136,3036
2025-11-10 16:47:10.240048,0,88,64,79081,6110,6569,14717,23125,16151,24385,10173
2025-11-10 16:47:11.230676,0,74,69,10002,35771,78186,7551,4287,5252,9855,3611
2025-11-10 16:47:12.248340,0,60,67,27489,44480,15321,18844,7110,6791,4369,2671
2025-11-10 16:47:13.224511,0,57,69,120628,35488,28458,42564,13032,5520,2847,1316
2025-11-10 16:47:14.228919,0,41,77,42960,18828,12987,18093,5998,6051,1288,823
2025-11-10 16:47:15.218180,0,54,67,30452,10093,4525,8406,10482,3960,2030,1778
2025-11-10 16:47:16.206964,0,64,64,6166,9940,1807,5432,6161,3952,1375,2385
2025-11-10 16:47:17.211863,0,74,63,6730,10005,2994,20122,5680,3424,2626,3012
2025-11-10 16:47:18.212994,0,74,63,21483,26646,13968,29691,9519,8277,1822,2522
2025-11-10 16:47:19.215370,0,69,66,16905,30557,6401,26004,6258,7649,7593,994
2025-11-10 16:47:20.192584,0,54,70,10016,19359,13021,8238,8674,2275,3251,1078
2025-11-10 16:47:21.218878,0,50,77,5740,6547,13416,28796,5913,3069,2069,1504
2025-11-10 16:47:22.185732,0,54,66,12548,14340,5407,1953,8618,3920,3594,2483
2025-11-10 16:47:23.183140,0,48,75,6846,9338,30798,2946,3225,2777,1854,1817
2025-11-10 16:47:24.183905,0,50,74,142540,94806,41660,17893,4829,10134,8534,1325
2025-11-10 16:47:25.174333,0,61,61,539258,66309,16453,43559,19605,25110,8803,2451
2025-11-10 16:47:26.185272,0,40,66,183823,125120,64997,11501,13947,5266,4092,2692
2025-11-10 16:47:27.180180,0,37,51,697228,117755,22954,18105,18224,6906,5585,3968
2025-11-10 16:47:28.177888,0,34,44,935397,76187,7005,10559,3683,4325,4284,4877
2025-11-10 16:47:29.157123,0,17,38,338201,300602,57959,23123,12174,16461,7415,2319
2025-11-10 16:47:30.155865,0,37,29,883746,229080,26154,27705,17049,37424,44562,25948
2025-11-10 16:47:31.154959,80,37,29,206710,25813,27869,21684,11511,44244,33318,7136
2025-11-10 16:47:32.153291,80,37,29,903375,331284,126673,126508,32599,47091,49165,40640
